Participant,Filename,Points,Distance,TotalDistance
1619,01_04_2022-00_07_49_1000.projected,"[(273, 527), (284, 524), (291, 517), (374, 447), (376, 442)]",328.4174173213108,33.44305009124108
